{"pageProps":{"product":{"id":"1","name":"FULLTECH Metal Axial Fan","model":"UF-250BMB23H1C2A","partNumber":"UF-250BMB23H1C2A","description":"A 280x280x80mm metal axial cooling fan designed for industrial use, operating at 230V AC. It delivers an airflow of approximately 1921 m³/h at 2550/2700 RPM.","price":"₹1,999/Piece","availability":"In Stock","category":"Electronics","sku":"SKU-001","tags":["electronics","components"],"createdAt":"2025-09-11T19:27:53.363Z","updatedAt":"2025-09-11T19:27:53.365Z","images":[{"src":"/FULLTECH Metal Axial Fan.png","alt":"FULLTECH Metal Axial Fan","title":"FULLTECH Metal Axial Fan"}],"specifications":[{"name":"Model","value":"UF-250BMB23H1C2A"},{"name":"Description","value":"A 280x280x80mm metal axial cooling fan designed for industrial use, operating at 230V AC. It delivers an airflow of approximately 1921 m³/h at 2550/2700 RPM."}]}},"__N_SSG":true}