{"pageProps":{"product":{"id":"10","name":"Edwards EST Genesis Audible Fire Alarm","model":"GCF-S7","partNumber":"GCF-S7","description":"A high-fidelity audible fire alarm (ceiling speaker) that operates at 70 Vrms. It features selectable wattage taps (¼W, ½W, 1W, 2W), a 400 to 4,000 Hz frequency response, and a low-profile design for indoor ceiling or wall mounting.","price":"₹1,850/piece","availability":"In Stock","category":"Electronics","sku":"SKU-010","tags":["electronics","components"],"createdAt":"2025-09-11T19:27:53.388Z","updatedAt":"2025-09-11T19:27:53.388Z","images":[{"src":"/Edwards EST GCF-S7 Genesis.jpg","alt":"Edwards EST Genesis Audible Fire Alarm","title":"Edwards EST Genesis Audible Fire Alarm"}],"specifications":[{"name":"Model","value":"GCF-S7"},{"name":"Description","value":"A high-fidelity audible fire alarm (ceiling speaker) that operates at 70 Vrms. It features selectable wattage taps (¼W, ½W, 1W, 2W), a 400 to 4,000 Hz frequency response, and a low-profile design for indoor ceiling or wall mounting."}]}},"__N_SSG":true}