{"pageProps":{"product":{"id":"2","name":"Three-Phase Motor Control Module","model":"HFS21","partNumber":"HFS21","description":"A power control module for three-phase motor forward and reverse operation. It includes logic interlock, delay turn-on circuits, and internal snubbers to protect the motor and system during switching. Features photo isolation, zero-cross switching, and a dual-color LED for status indication.","price":"₹9,839 (approx)","availability":"In Stock","category":"Electronics","sku":"SKU-002","tags":["electronics","components"],"createdAt":"2025-09-11T19:27:53.361Z","updatedAt":"2025-09-11T19:27:53.361Z","images":[{"src":"/THREE-PHASE MOTOR CONTROL MODULE.png","alt":"Three-Phase Motor Control Module","title":"Three-Phase Motor Control Module"}],"specifications":[{"name":"Model","value":"HFS21"},{"name":"Description","value":"A power control module for three-phase motor forward and reverse operation. It includes logic interlock, delay turn-on circuits, and internal snubbers to protect the motor and system during switching. Features photo isolation, zero-cross switching, and a dual-color LED for status indication."}]}},"__N_SSG":true}