{"pageProps":{"product":{"id":"3","name":"14.2 mm (0.56 inch) Seven Segment Display","model":"Industry Standard 0.56 inch","partNumber":"Industry Standard 0.56 inch","description":"A 14.2mm (0.56 inch) seven-segment LED display designed for viewing distances up to 7 meters. It uses an industry-standard package and pinout, is available in multiple colors, and comes in either common anode or common cathode configurations.","price":"₹9/Piece","availability":"In Stock","category":"Electronics","sku":"SKU-003","tags":["electronics","components"],"createdAt":"2025-09-11T19:27:53.360Z","updatedAt":"2025-09-11T19:27:53.361Z","images":[{"src":"/14 mm - Seven Segment Displays.png","alt":"14.2 mm (0.56 inch) Seven Segment Display","title":"14.2 mm (0.56 inch) Seven Segment Display"}],"specifications":[{"name":"Model","value":"Industry Standard 0.56 inch"},{"name":"Description","value":"A 14.2mm (0.56 inch) seven-segment LED display designed for viewing distances up to 7 meters. It uses an industry-standard package and pinout, is available in multiple colors, and comes in either common anode or common cathode configurations."}]}},"__N_SSG":true}