{"pageProps":{"product":{"id":"7","name":"SERVO DC Brushless Cooling Fan","model":"CNDC12Z7P-028","partNumber":"CNDC12Z7P-028","description":"A 120x120x38mm axial DC fan from Japan Servo Co. operating at 12V and 0.71A. It is designed for high performance, delivering an airflow of approximately 124 CFM at a speed of 3200 RPM.","price":"₹150/Piece","availability":"In Stock","category":"Electronics","sku":"SKU-007","tags":["electronics","components"],"createdAt":"2025-09-11T19:27:53.372Z","updatedAt":"2025-09-11T19:27:53.375Z","images":[{"src":"/SERVO CNDC12Z7P-028 DC Brushless Cooling Fan.png","alt":"SERVO DC Brushless Cooling Fan","title":"SERVO DC Brushless Cooling Fan"}],"specifications":[{"name":"Model","value":"CNDC12Z7P-028"},{"name":"Description","value":"A 120x120x38mm axial DC fan from Japan Servo Co. operating at 12V and 0.71A. It is designed for high performance, delivering an airflow of approximately 124 CFM at a speed of 3200 RPM."}]}},"__N_SSG":true}