{"pageProps":{"product":{"id":"9","name":"MOOSL DC Silent Blower","model":"D49X-101","partNumber":"D49X-101","description":"A 97x94.5x33mm DC silent blower fan operating at 12V. It runs at 3700 RPM to deliver 26.5 CFM of airflow and includes a speed sensor for monitoring.","price":"Call for Quote","availability":"In Stock","category":"Electronics","sku":"SKU-009","tags":["electronics","components"],"createdAt":"2025-09-11T19:27:53.384Z","updatedAt":"2025-09-11T19:27:53.384Z","images":[{"src":"/MOOSL D49X-101 DC Silent Blower.png","alt":"MOOSL DC Silent Blower","title":"MOOSL DC Silent Blower"}],"specifications":[{"name":"Model","value":"D49X-101"},{"name":"Description","value":"A 97x94.5x33mm DC silent blower fan operating at 12V. It runs at 3700 RPM to deliver 26.5 CFM of airflow and includes a speed sensor for monitoring."}]}},"__N_SSG":true}