{"pageProps":{"product":{"id":"5","name":"Control Techniques Commander SE AC Drive","model":"SE23400150","partNumber":"SE23400150","description":"A 1.5 kW (2 HP) Commander SE series AC drive for three-phase 380-480 VAC systems. It offers precise motor control, an integrated braking transistor, and standard RS485 communications, making it ideal for applications like conveyors, pumps, and fans.","price":"₹18,960","availability":"In Stock","category":"Electronics","sku":"SKU-005","tags":["electronics","components"],"createdAt":"2025-09-11T19:29:52.831Z","updatedAt":"2025-09-11T19:29:52.832Z","images":[{"src":"/Commander SE.png","alt":"Control Techniques Commander SE AC Drive","title":"Control Techniques Commander SE AC Drive"}],"specifications":[{"name":"Model","value":"SE23400150"},{"name":"Description","value":"A 1.5 kW (2 HP) Commander SE series AC drive for three-phase 380-480 VAC systems. It offers precise motor control, an integrated braking transistor, and standard RS485 communications, making it ideal for applications like conveyors, pumps, and fans."}]}},"__N_SSG":true}