{"pageProps":{"product":{"id":"6","name":"Delta DC Brushless Blower Fan","model":"BFB1012UH","partNumber":"BFB1012UH","description":"A high-performance 12V DC air cooling blower fan operating at 6.00A. It features a dual ball bearing, reaches speeds over 8300 RPM, and is known for its powerful airflow, making it suitable for demanding cooling applications.","price":"₹781","availability":"In Stock","category":"Electronics","sku":"SKU-006","tags":["electronics","components"],"createdAt":"2025-09-11T19:29:52.830Z","updatedAt":"2025-09-11T19:29:52.832Z","images":[{"src":"/Delta BFB1012UH DC Brushless Blower Fan.png","alt":"Delta DC Brushless Blower Fan","title":"Delta DC Brushless Blower Fan"}],"specifications":[{"name":"Model","value":"BFB1012UH"},{"name":"Description","value":"A high-performance 12V DC air cooling blower fan operating at 6.00A. It features a dual ball bearing, reaches speeds over 8300 RPM, and is known for its powerful airflow, making it suitable for demanding cooling applications."}]}},"__N_SSG":true}