{"pageProps":{"product":{"id":"8","name":"SUNON DC Cooling Fan","model":"GM0502PFV1-8","partNumber":"GM0502PFV1-8","description":"A 25x25x10mm DC brushless axial fan operating at 5V and 0.6W. It utilizes a Vapo-Bearing (MagLev) system for quiet operation and spins at 13000 RPM to deliver 3.5 CFM of airflow, featuring a speed sensor for monitoring.","price":"₹272.58","availability":"In Stock","category":"Electronics","sku":"SKU-008","tags":["electronics","components"],"createdAt":"2025-09-11T19:29:52.830Z","updatedAt":"2025-09-11T19:29:52.830Z","images":[{"src":"/SUNON GM0502PFV1-8 2510 5V DC FAN.png","alt":"SUNON DC Cooling Fan","title":"SUNON DC Cooling Fan"}],"specifications":[{"name":"Model","value":"GM0502PFV1-8"},{"name":"Description","value":"A 25x25x10mm DC brushless axial fan operating at 5V and 0.6W. It utilizes a Vapo-Bearing (MagLev) system for quiet operation and spins at 13000 RPM to deliver 3.5 CFM of airflow, featuring a speed sensor for monitoring."}]}},"__N_SSG":true}