{"pageProps":{"product":{"id":"4","name":"Arduino UNO R3","model":"UNO R3","partNumber":"UNO R3","description":"A versatile development board for learning electronics and coding, equipped with the ATmega328P processor (32kB Flash, 2kB SRAM) and an ATMega16U2 for USB communication. It features a wide range of peripherals including timers, USART, SPI, I2C, and PWM channels.","price":"₹310","availability":"In Stock","category":"Electronics","sku":"SKU-004","tags":["electronics","components"],"createdAt":"2025-09-11T19:30:03.545Z","updatedAt":"2025-09-11T19:30:03.546Z","images":[{"src":"/Arduino UNO R3.jpeg","alt":"Arduino UNO R3","title":"Arduino UNO R3"}],"specifications":[{"name":"Model","value":"UNO R3"},{"name":"Description","value":"A versatile development board for learning electronics and coding, equipped with the ATmega328P processor (32kB Flash, 2kB SRAM) and an ATMega16U2 for USB communication. It features a wide range of peripherals including timers, USART, SPI, I2C, and PWM channels."}]}},"__N_SSG":true}